,Embedding,L1/Attn,L1/MLP,L2/Attn,L2/MLP,L3/Attn,L3/MLP,L4/Attn,L4/MLP,L5/Attn,L5/MLP,L6/Attn,L6/MLP
Embedding,1.0,1.0,1.0,1.0,0.9562198085113831,0.9562198085113831,0.9115141310232538,0.913375479842558,0.8566020816419412,0.8270877928368273,0.7357181428331342,0.7357181428331342,0.6203410194378486
L1/Attn,1.0,1.0,1.0,1.0,0.9562198085113831,0.9562198085113831,0.9115141310232538,0.913375479842558,0.8566020816419412,0.8270877928368273,0.7357181428331342,0.7357181428331342,0.6203410194378486
L1/MLP,1.0,1.0,1.0,1.0,0.9562198085113831,0.9562198085113831,0.9115141310232538,0.913375479842558,0.8566020816419412,0.8270877928368273,0.7357181428331342,0.7357181428331342,0.6203410194378486
L2/Attn,1.0,1.0,1.0,1.0,0.9562198085113831,0.9562198085113831,0.9115141310232538,0.913375479842558,0.8566020816419412,0.8270877928368273,0.7357181428331342,0.7357181428331342,0.6203410194378486
L2/MLP,0.9562198085113831,0.9562198085113831,0.9562198085113831,0.9562198085113831,1.0,1.0,0.9919654268099288,0.9682817734563174,0.9073572189635637,0.8758228049649487,0.7782833408927055,0.7782833408927055,0.6555767002070603
L3/Attn,0.9562198085113831,0.9562198085113831,0.9562198085113831,0.9562198085113831,1.0,1.0,0.9919654268099288,0.9682817734563174,0.9073572189635637,0.8758228049649487,0.7782833408927055,0.7782833408927055,0.6555767002070603
L3/MLP,0.9115141310232538,0.9115141310232538,0.9115141310232538,0.9115141310232538,0.9919654268099288,0.9919654268099288,1.0,0.9659120295168431,0.9048355174759395,0.8732780015466117,0.7757010839717391,0.7757010839717391,0.6531341766467179
L4/Attn,0.913375479842558,0.913375479842558,0.913375479842558,0.913375479842558,0.9682817734563174,0.9682817734563174,0.9659120295168431,1.0,0.9371604294418568,0.9046645425288765,0.8051054710766621,0.8051054710766621,0.6782406876565733
L4/MLP,0.8566020816419412,0.8566020816419412,0.8566020816419412,0.8566020816419412,0.9073572189635637,0.9073572189635637,0.9048355174759395,0.9371604294418568,1.0,0.9936865849165584,0.9410279119433332,0.9410279119433332,0.8510354498981975
L5/Attn,0.8270877928368273,0.8270877928368273,0.8270877928368273,0.8270877928368273,0.8758228049649487,0.8758228049649487,0.8732780015466117,0.9046645425288765,0.9936865849165584,1.0,0.9696858920620146,0.9696858920620146,0.9029092049530902
L5/MLP,0.7357181428331342,0.7357181428331342,0.7357181428331342,0.7357181428331342,0.7782833408927055,0.7782833408927055,0.7757010839717391,0.8051054710766621,0.9410279119433332,0.9696858920620146,1.0,1.0,0.9742843981986409
L6/Attn,0.7357181428331342,0.7357181428331342,0.7357181428331342,0.7357181428331342,0.7782833408927055,0.7782833408927055,0.7757010839717391,0.8051054710766621,0.9410279119433332,0.9696858920620146,1.0,1.0,0.9742843981986409
L6/MLP,0.6203410194378486,0.6203410194378486,0.6203410194378486,0.6203410194378486,0.6555767002070603,0.6555767002070603,0.6531341766467179,0.6782406876565733,0.8510354498981975,0.9029092049530902,0.9742843981986409,0.9742843981986409,1.0
