program,view,stage,step,observations,features,total_variance,participation_ratio,pr_over_width,pc95,pc99
P01_absolute,full,Embedding,0,384,22,1.6987325935596167,11.184105994405586,0.508368454291163,11,12
P01_absolute,full,L1/Attn,1,384,22,1.6987325935596167,11.184105994405586,0.508368454291163,11,12
P01_absolute,full,L1/MLP,2,384,22,2.5342417319408197,10.184459597036954,0.4629299816834979,11,12
P01_absolute,computed,Embedding,0,384,6,0.0,0.0,0.0,0,0
P01_absolute,computed,L1/Attn,1,384,6,0.0,0.0,0.0,0,0
P01_absolute,computed,L1/MLP,2,384,6,0.8355091383812012,5.0,0.8333333333333334,5,5
P02_index_parity,full,Embedding,0,128,19,1.7180118110236222,11.154273366203151,0.5870670192738501,11,12
P02_index_parity,full,L1/Attn,1,128,19,1.7180118110236222,11.154273366203151,0.5870670192738501,11,12
P02_index_parity,full,L1/MLP,2,128,19,2.2219488188976384,7.14044149403639,0.37581271021244156,11,12
P02_index_parity,computed,Embedding,0,128,2,0.0,0.0,0.0,0,0
P02_index_parity,computed,L1/Attn,1,128,2,0.0,0.0,0.0,0,0
P02_index_parity,computed,L1/MLP,2,128,2,0.5039370078740157,1.0,0.5,1,1
P03_increment_by_index,full,Embedding,0,832,30,1.6916394751457933,10.662792437770825,0.35542641459236085,12,12
P03_increment_by_index,full,L1/Attn,1,832,30,1.6916394751457933,10.662792437770825,0.35542641459236085,12,12
P03_increment_by_index,full,L1/MLP,2,832,30,2.6158272007775616,16.610728151999645,0.5536909383999882,20,22
P03_increment_by_index,computed,Embedding,0,832,13,0.0,0.0,0.0,0,0
P03_increment_by_index,computed,L1/Attn,1,832,13,0.0,0.0,0.0,0,0
P03_increment_by_index,computed,L1/MLP,2,832,13,0.9241877256317692,11.999999999999996,0.9230769230769228,12,12
P04_first_element,full,Embedding,0,512,25,1.7111974070450098,11.614283260415588,0.4645713304166235,12,12
P04_first_element,full,L1/Attn,1,512,25,2.587909735812133,17.744239917667482,0.7097695967066993,18,19
P04_first_element,full,L1/MLP,2,512,25,2.587909735812133,17.744239917667482,0.7097695967066993,18,19
P04_first_element,computed,Embedding,0,512,8,0.0,0.0,0.0,0,0
P04_first_element,computed,L1/Attn,1,512,8,0.8767123287671232,7.0,0.875,7,7
P04_first_element,computed,L1/MLP,2,512,8,0.8767123287671232,7.0,0.875,7,7
P05_histogram,full,Embedding,0,384,25,1.7089860748476942,11.510822327067718,0.46043289308270874,12,12
P05_histogram,full,L1/Attn,1,384,25,1.7238466750450234,11.698475600078812,0.46793902400315246,12,12
P05_histogram,full,L1/MLP,2,384,25,2.5593558134272376,16.275838940269768,0.6510335576107907,16,17
P05_histogram,computed,Embedding,0,384,8,0.0,0.0,0.0,0,0
P05_histogram,computed,L1/Attn,1,384,8,0.014860600197329977,1.0,0.125,1,1
P05_histogram,computed,L1/MLP,2,384,8,0.850369738579544,4.993899677170114,0.6242374596462642,5,5
P06_count_greater_than,full,Embedding,0,384,25,1.705572780678851,11.365368185498493,0.45461472741993975,11,12
P06_count_greater_than,full,L1/Attn,1,384,25,1.7876151354927792,11.744156542385412,0.46976626169541646,12,13
P06_count_greater_than,full,L1/MLP,2,384,25,2.6231242738749936,14.412911913768077,0.5765164765507231,15,17
P06_count_greater_than,computed,Embedding,0,384,8,0.0,0.0,0.0,0,0
P06_count_greater_than,computed,L1/Attn,1,384,8,0.08204235481392795,1.0,0.125,1,1
P06_count_greater_than,computed,L1/MLP,2,384,8,0.9175514931961417,4.8450562357007305,0.6056320294625913,5,5
P07_sum_with_next,full,Embedding,0,960,55,1.6979318734793167,11.273521945017578,0.20497312627304687,12,12
P07_sum_with_next,full,L1/Attn,1,960,55,1.6979318734793167,11.273521945017578,0.20497312627304687,12,12
P07_sum_with_next,full,L1/MLP,2,960,55,1.6979318734793167,11.273521945017578,0.20497312627304687,12,12
P07_sum_with_next,full,L2/Attn,3,960,55,1.6979318734793167,11.273521945017578,0.20497312627304687,12,12
P07_sum_with_next,full,L2/MLP,4,960,55,2.4921033194299578,8.916466778606459,0.16211757779284472,11,12
P07_sum_with_next,full,L3/Attn,5,960,55,3.361743796832507,13.62537576894047,0.24773410488982672,17,19
P07_sum_with_next,full,L3/MLP,6,960,55,4.296050143419533,19.120496012859906,0.3476453820519983,27,30
P07_sum_with_next,computed,Embedding,0,960,38,0.0,0.0,0.0,0,0
P07_sum_with_next,computed,L1/Attn,1,960,38,0.0,0.0,0.0,0,0
P07_sum_with_next,computed,L1/MLP,2,960,38,0.0,0.0,0.0,0,0
P07_sum_with_next,computed,L2/Attn,3,960,38,0.0,0.0,0.0,0,0
P07_sum_with_next,computed,L2/MLP,4,960,38,0.7941714459506412,3.9178112606201525,0.10310029633210928,4,4
P07_sum_with_next,computed,L3/Attn,5,960,38,1.6638119233531894,10.086714874511404,0.26543986511872114,11,11
P07_sum_with_next,computed,L3/MLP,6,960,38,2.5981182699402146,18.085342014076634,0.4759300530020167,21,24
P08_pairwise_sum,full,Embedding,0,960,54,1.7045099061522322,11.502968877266044,0.2130179421715934,12,12
P08_pairwise_sum,full,L1/Attn,1,960,54,1.7045099061522322,11.502968877266044,0.2130179421715934,12,12
P08_pairwise_sum,full,L1/MLP,2,960,54,1.7045099061522322,11.502968877266044,0.2130179421715934,12,12
P08_pairwise_sum,full,L2/Attn,3,960,54,1.7045099061522322,11.502968877266044,0.2130179421715934,12,12
P08_pairwise_sum,full,L2/MLP,4,960,54,2.5386969933958805,9.603984005252212,0.17785155565281874,11,12
P08_pairwise_sum,full,L3/Attn,5,960,54,3.410453389654396,14.50453240941381,0.26860245202618166,17,19
P08_pairwise_sum,full,L3/MLP,6,960,54,4.3447597362414205,20.238406021390784,0.37478529669242194,27,30
P08_pairwise_sum,computed,Embedding,0,960,37,0.0,0.0,0.0,0,0
P08_pairwise_sum,computed,L1/Attn,1,960,37,0.0,0.0,0.0,0,0
P08_pairwise_sum,computed,L1/MLP,2,960,37,0.0,0.0,0.0,0,0
P08_pairwise_sum,computed,L2/Attn,3,960,37,0.0,0.0,0.0,0,0
P08_pairwise_sum,computed,L2/MLP,4,960,37,0.8341870872436477,4.999636887997047,0.1351253212972175,5,5
P08_pairwise_sum,computed,L3/Attn,5,960,37,1.7059434835021634,11.557041504840315,0.3123524731037923,12,12
P08_pairwise_sum,computed,L3/MLP,6,960,37,2.640249830089189,20.00256645289162,0.540609904132206,22,25
P09_check_increasing,full,Embedding,0,128,37,1.7148129921259845,10.94090729383142,0.29570019713057893,11,12
P09_check_increasing,full,L1/Attn,1,128,37,2.455216530699892,15.089155908854673,0.4078150245636398,17,19
P09_check_increasing,full,L1/MLP,2,128,37,2.847810022383043,14.119284795227303,0.38160229176290006,17,19
P09_check_increasing,full,L2/Attn,3,128,37,2.9575385317788334,14.358187229889522,0.38805911432133844,18,20
P09_check_increasing,full,L2/MLP,4,128,37,3.6318741666290415,14.187943115494468,0.38345792204039103,19,22
P09_check_increasing,full,L3/Attn,5,128,37,3.6318741666290415,14.187943115494468,0.38345792204039103,19,22
P09_check_increasing,full,L3/MLP,6,128,37,4.135811174503058,9.968740608864772,0.26942542186121005,19,22
P09_check_increasing,computed,Embedding,0,128,20,0.0,0.0,0.0,0,0
P09_check_increasing,computed,L1/Attn,1,128,20,0.7404035385739076,6.771649159066336,0.3385824579533168,7,8
P09_check_increasing,computed,L1/MLP,2,128,20,1.1329970302570582,6.188626782996331,0.3094313391498166,8,9
P09_check_increasing,computed,L2/Attn,3,128,20,1.2427255396528492,6.409577189960925,0.3204788594980462,9,10
P09_check_increasing,computed,L2/MLP,4,128,20,1.9170611745030586,6.714251717467368,0.3357125858733684,11,12
P09_check_increasing,computed,L3/Attn,5,128,20,1.9170611745030586,6.714251717467368,0.3357125858733684,11,12
P09_check_increasing,computed,L3/MLP,6,128,20,2.4209981823770734,4.421622232214439,0.22108111161072194,10,12
P10_rotate_left,full,Embedding,0,512,39,1.7099666707436405,11.539492213436578,0.29588441572914304,12,12
P10_rotate_left,full,L1/Attn,1,512,39,1.7099666707436405,11.539492213436578,0.29588441572914304,12,12
P10_rotate_left,full,L1/MLP,2,512,39,1.7099666707436405,11.539492213436578,0.29588441572914304,12,12
P10_rotate_left,full,L2/Attn,3,512,39,1.7099666707436405,11.539492213436578,0.29588441572914304,12,12
P10_rotate_left,full,L2/MLP,4,512,39,2.5449180528375743,9.594665107382564,0.24601705403545035,11,12
P10_rotate_left,full,L3/Attn,5,512,39,3.421630172580181,14.775368399816744,0.3788555999953011,18,19
P10_rotate_left,full,L3/MLP,6,512,39,3.421630172580181,14.775368399816744,0.3788555999953011,18,19
P10_rotate_left,computed,Embedding,0,512,22,0.0,0.0,0.0,0,0
P10_rotate_left,computed,L1/Attn,1,512,22,0.0,0.0,0.0,0,0
P10_rotate_left,computed,L1/MLP,2,512,22,0.0,0.0,0.0,0,0
P10_rotate_left,computed,L2/Attn,3,512,22,0.0,0.0,0.0,0,0
P10_rotate_left,computed,L2/MLP,4,512,22,0.8349513820939337,4.999693994487083,0.22725881793123104,5,5
P10_rotate_left,computed,L3/Attn,5,512,22,1.7116635018365431,11.751166098058796,0.5341439135481271,12,12
P10_rotate_left,computed,L3/MLP,6,512,22,1.7116635018365431,11.751166098058796,0.5341439135481271,12,12
P11_check_palindrome,full,Embedding,0,128,69,1.7188730314960634,11.166955877990606,0.16183994026073342,11,12
P11_check_palindrome,full,L1/Attn,1,128,69,1.7188730314960634,11.166955877990606,0.16183994026073342,11,12
P11_check_palindrome,full,L1/MLP,2,128,69,1.7188730314960634,11.166955877990606,0.16183994026073342,11,12
P11_check_palindrome,full,L2/Attn,3,128,69,1.7188730314960634,11.166955877990606,0.16183994026073342,11,12
P11_check_palindrome,full,L2/MLP,4,128,69,2.558562992125985,9.364672593671502,0.13571989266190582,11,12
P11_check_palindrome,full,L3/Attn,5,128,69,2.558562992125985,9.364672593671502,0.13571989266190582,11,12
P11_check_palindrome,full,L3/MLP,6,128,69,3.398252952755906,8.156576416028447,0.11821125240620937,11,12
P11_check_palindrome,full,L4/Attn,7,128,69,4.2782945164486215,11.16527068606224,0.1618155171893078,15,18
P11_check_palindrome,full,L4/MLP,8,128,69,4.758115863912622,11.97397914824919,0.17353592968477088,15,19
P11_check_palindrome,full,L5/Attn,9,128,69,4.923312481396353,11.929237477375391,0.17288749967210712,16,20
P11_check_palindrome,full,L5/MLP,10,128,69,5.582761300293992,11.888517631324877,0.17229735697572285,17,22
P11_check_palindrome,full,L6/Attn,11,128,69,5.582761300293992,11.888517631324877,0.17229735697572285,17,22
P11_check_palindrome,full,L6/MLP,12,128,69,6.086698308168006,9.996241966974424,0.14487307198513658,17,22
P11_check_palindrome,computed,Embedding,0,128,52,0.0,0.0,0.0,0,0
P11_check_palindrome,computed,L1/Attn,1,128,52,0.0,0.0,0.0,0,0
P11_check_palindrome,computed,L1/MLP,2,128,52,0.0,0.0,0.0,0,0
P11_check_palindrome,computed,L2/Attn,3,128,52,0.0,0.0,0.0,0,0
P11_check_palindrome,computed,L2/MLP,4,128,52,0.8396899606299213,4.995065053468892,0.09605894333594023,5,5
P11_check_palindrome,computed,L3/Attn,5,128,52,0.8396899606299213,4.995065053468892,0.09605894333594023,5,5
P11_check_palindrome,computed,L3/MLP,6,128,52,1.6793799212598426,4.995065053468894,0.09605894333594026,5,5
P11_check_palindrome,computed,L4/Attn,7,128,52,2.5594214849525567,9.346618267564825,0.17974265899163125,11,12
P11_check_palindrome,computed,L4/MLP,8,128,52,3.0392428324165586,9.789113066191383,0.1882521743498343,12,13
P11_check_palindrome,computed,L5/Attn,9,128,52,3.2044394499002897,9.476037110322096,0.18223148289080954,12,14
P11_check_palindrome,computed,L5/MLP,10,128,52,3.8638882687979277,8.989799014661617,0.17288075028195418,14,16
P11_check_palindrome,computed,L6/Attn,11,128,52,3.8638882687979277,8.989799014661617,0.17288075028195418,14,16
P11_check_palindrome,computed,L6/MLP,12,128,52,4.367825276671944,6.957178816457125,0.13379190031648316,14,16
P12_sorting,full,Embedding,0,512,81,1.6998838062622315,10.836295297931892,0.13378142343125793,11,12
P12_sorting,full,L1/Attn,1,512,81,1.6998838062622315,10.836295297931892,0.13378142343125793,11,12
P12_sorting,full,L1/MLP,2,512,81,2.6728993395303324,18.268246874680646,0.2255339120330944,34,43
P12_sorting,full,L2/Attn,3,512,81,2.7572574900745757,18.757763107578626,0.2315773223157855,34,43
P12_sorting,full,L2/MLP,4,512,81,3.591574393205691,21.367321190563736,0.2637940887723918,35,47
P12_sorting,full,L3/Attn,5,512,81,4.46679474995134,26.167396870316473,0.3230542823495861,40,53
P12_sorting,full,L3/MLP,6,512,81,4.46679474995134,26.167396870316473,0.3230542823495861,40,53
P12_sorting,computed,Embedding,0,512,64,0.0,0.0,0.0,0,0
P12_sorting,computed,L1/Attn,1,512,64,0.0,0.0,0.0,0,0
P12_sorting,computed,L1/MLP,2,512,64,0.9730155332681018,34.19284322604337,0.5342631754069277,40,44
P12_sorting,computed,L2/Attn,3,512,64,1.0573736838123449,30.931641043134768,0.48330689129898075,40,45
P12_sorting,computed,L2/MLP,4,512,64,1.8916905869434606,16.899668090489296,0.26405731391389525,40,48
P12_sorting,computed,L3/Attn,5,512,64,2.7669109436891075,22.802857175048008,0.3562946433601251,43,53
P12_sorting,computed,L3/MLP,6,512,64,2.7669109436891075,22.802857175048008,0.3562946433601251,43,53
A_prev_token_class,full,Embedding,0,512,25,1.7109910102739727,11.618382313170349,0.46473529252681395,12,12
A_prev_token_class,full,L1/Attn,1,512,25,2.587703339041096,17.51264853558974,0.7005059414235896,18,19
A_prev_token_class,full,L1/MLP,2,512,25,2.587703339041096,17.51264853558974,0.7005059414235896,18,19
A_prev_token_class,computed,Embedding,0,512,8,0.0,0.0,0.0,0,0
A_prev_token_class,computed,L1/Attn,1,512,8,0.8767123287671229,7.000000000000001,0.8750000000000001,7,7
A_prev_token_class,computed,L1/MLP,2,512,8,0.8767123287671229,7.000000000000001,0.8750000000000001,7,7
B_histogram_then_repeated_class,full,Embedding,0,128,27,1.7162893700787405,10.93008921669,0.40481811913666665,11,12
B_histogram_then_repeated_class,full,L1/Attn,1,128,27,1.7318170208891357,11.115051092517357,0.41166855898212434,12,12
B_histogram_then_repeated_class,full,L1/MLP,2,128,27,2.4034460029543228,12.856956045380477,0.47618355723631395,15,16
B_histogram_then_repeated_class,full,L2/Attn,3,128,27,2.4034460029543228,12.856956045380477,0.47618355723631395,15,16
B_histogram_then_repeated_class,full,L2/MLP,4,128,27,2.9073830108283376,7.989588204040983,0.2959106742237401,14,16
B_histogram_then_repeated_class,computed,Embedding,0,128,10,0.0,0.0,0.0,0,0
B_histogram_then_repeated_class,computed,L1/Attn,1,128,10,0.015527650810395612,1.0,0.1,1,1
B_histogram_then_repeated_class,computed,L1/MLP,2,128,10,0.6871566328755824,2.757724848179193,0.27577248481791933,4,4
B_histogram_then_repeated_class,computed,L2/Attn,3,128,10,0.6871566328755824,2.757724848179193,0.27577248481791933,4,4
B_histogram_then_repeated_class,computed,L2/MLP,4,128,10,1.1910936407495982,1.8248526365632753,0.18248526365632753,4,4
