probe_id,candidate_id,position,target_class,token,family,tokens,model_output
0,2833,1,0,0,random,"[4, 0, 0, 3, 2, 2]",0
1,2155,3,2,-1,random,"[-1, 5, 2, -1, 5, 0]",2
2,3,4,-1,-1,count_controlled,"[-1, -2, -1, -1, -1, -1]",-1
3,642,3,4,4,count_controlled,"[1, 4, 4, 4, 4, 1]",4
4,432,5,1,0,count_controlled,"[0, 0, 1, 1, 0, 0]",1
5,188,1,5,5,count_controlled,"[-2, 5, 5, 5, 5, 5]",5
6,3126,3,0,0,decreasing,"[3, 1, 0, 0, 0, -2]",0
7,44,4,0,0,count_controlled,"[-2, 0, 0, 0, 0, -2]",0
8,751,1,2,2,count_controlled,"[2, 2, 4, 4, 2, 2]",2
9,101,0,-2,-2,count_controlled,"[-2, -2, 2, 2, 2, 2]",-2
10,1510,1,0,-2,random,"[2, -2, 3, 1, 0, 4]",0
11,1326,1,1,1,random,"[4, 1, 4, 2, 1, -1]",1
12,1826,2,2,2,random,"[3, 2, 2, 5, 1, 1]",2
13,839,2,5,5,count_controlled,"[3, 5, 5, 5, 5, 3]",5
14,281,4,-1,1,count_controlled,"[-1, -1, -1, -1, 1, -1]",-1
15,338,5,3,3,count_controlled,"[-1, -1, -1, -1, -1, 3]",3
16,1381,1,2,2,random,"[1, 2, 3, 5, 4, 5]",2
17,3139,4,4,-1,palindrome,"[4, -1, 4, 4, -1, 4]",4
18,896,0,5,5,constant,"[5, 5, 5, 5, 5, 5]",5
19,176,3,-2,-2,count_controlled,"[4, -2, -2, -2, -2, 4]",-2
20,896,0,5,5,constant,"[5, 5, 5, 5, 5, 5]",5
21,13,5,-1,-2,count_controlled,"[-2, -1, -1, -1, -1, -2]",-1
22,833,3,5,5,count_controlled,"[5, 5, 5, 5, 5, 3]",5
23,2152,3,4,4,random,"[2, -2, 4, 4, -2, 5]",4
24,169,2,-2,-2,count_controlled,"[-2, -2, -2, 4, 4, 4]",-2
25,886,0,4,5,count_controlled,"[5, 5, 4, 4, 4, 4]",4
26,2953,5,3,-2,decreasing,"[3, 3, 3, -1, -2, -2]",3
27,89,4,-2,-2,count_controlled,"[1, -2, -2, -2, -2, -2]",-2
28,2805,1,-2,5,random,"[1, 5, -2, 5, -1, -2]",-2
29,965,3,1,4,random,"[1, 0, -2, 4, 0, 3]",1
30,3285,4,4,2,unique,"[5, -1, 4, -2, 2, 3]",4
31,799,0,3,4,count_controlled,"[4, 4, 3, 4, 4, 4]",3
32,339,4,-1,-1,count_controlled,"[3, -1, -1, -1, -1, -1]",-1
33,1367,4,5,-2,random,"[5, -1, 3, 2, -2, 5]",5
34,1783,5,4,4,random,"[2, -2, 4, -1, 0, 4]",4
35,2716,4,1,5,random,"[-2, -2, 1, 0, 5, 0]",1
36,1072,4,3,-1,random,"[3, 2, 0, 4, -1, 0]",3
37,539,3,5,5,count_controlled,"[5, 5, 5, 5, 5, 0]",5
38,3313,1,2,2,increasing,"[-2, 2, 3, 4, 4, 5]",2
39,438,5,1,0,count_controlled,"[0, 0, 0, 1, 0, 0]",1
40,371,2,-1,-1,count_controlled,"[-1, 4, -1, -1, -1, -1]",-1
41,562,3,0,5,count_controlled,"[0, 0, 0, 5, 0, 0]",0
42,1234,1,-1,-1,random,"[4, -1, -1, 5, 2, 1]",-1
43,799,2,4,3,count_controlled,"[4, 4, 3, 4, 4, 4]",4
44,3237,0,-1,2,palindrome,"[2, -1, 2, 2, -1, 2]",-1
45,3157,3,0,-2,palindrome,"[2, 0, -2, -2, 0, 2]",0
46,25,4,-1,-1,count_controlled,"[-2, -2, -2, -1, -1, -2]",-1
47,3146,0,-2,3,unique,"[3, 1, 4, 5, -2, 0]",-2
48,2560,2,3,4,random,"[3, 3, 4, 3, 4, 1]",3
49,94,1,-2,2,alternating,"[-2, 2, -2, 2, -2, 2]",-2
50,2971,4,1,1,increasing,"[-2, -2, 0, 1, 1, 2]",1
51,896,0,5,5,constant,"[5, 5, 5, 5, 5, 5]",5
52,922,0,0,1,random,"[1, 3, 0, 4, 2, 1]",0
53,1191,4,4,3,random,"[1, -2, 4, 5, 3, 4]",4
54,1585,1,-2,0,random,"[5, 0, 4, 2, -2, -2]",-2
55,800,0,3,4,count_controlled,"[4, 4, 4, 3, 4, 4]",3
56,1466,3,1,0,random,"[-1, 5, 1, 0, 0, 3]",1
57,2173,2,3,4,random,"[0, 3, 4, 3, 2, 3]",3
58,332,5,3,3,count_controlled,"[-1, -1, -1, -1, 3, 3]",3
59,3057,3,2,-1,palindrome,"[4, 2, -1, -1, 2, 4]",2
60,1122,0,0,5,random,"[5, 0, 3, 2, 1, 1]",0
61,535,1,5,0,count_controlled,"[5, 0, 5, 5, 5, 5]",5
62,2422,3,4,1,random,"[4, -1, 4, 1, 5, 3]",4
63,24,0,-2,-2,count_controlled,"[-2, -2, -1, -1, -2, -2]",-2
64,3312,2,3,2,palindrome,"[3, 5, 2, 2, 5, 3]",3
65,1538,0,0,4,random,"[4, 1, 2, 0, 5, 1]",0
66,158,1,4,-2,count_controlled,"[4, -2, 4, 4, 4, 4]",4
67,809,3,4,4,count_controlled,"[3, 3, 3, 4, 4, 4]",4
68,3033,1,1,3,unique,"[5, 3, 4, 2, 1, -2]",1
69,157,1,4,4,count_controlled,"[-2, 4, 4, 4, 4, 4]",4
70,251,5,1,1,alternating,"[-1, 1, -1, 1, -1, 1]",1
71,1584,3,-1,-2,random,"[-2, -1, -1, -2, 3, 5]",-1
72,2694,0,-1,3,random,"[3, 0, 2, -1, 3, 3]",-1
73,789,2,2,2,count_controlled,"[2, 2, 2, 2, 5, 2]",2
74,437,4,0,0,count_controlled,"[0, 0, 1, 0, 0, 0]",0
75,666,1,5,5,count_controlled,"[5, 5, 5, 5, 1, 5]",5
76,2074,0,-1,1,random,"[1, -1, -1, 0, 3, 1]",-1
77,1939,5,3,3,random,"[2, -2, 3, -2, 0, 3]",3
78,1024,3,4,-2,random,"[-1, 5, 4, -2, 4, -2]",4
79,1253,3,0,0,random,"[4, -1, 0, 0, 0, 3]",0
80,2670,0,-2,4,random,"[4, 0, 3, -2, 2, 4]",-2
81,206,2,-2,-2,count_controlled,"[-2, -2, -2, -2, 5, 5]",-2
82,899,3,5,0,alternating,"[5, 0, 5, 0, 5, 0]",5
83,3248,2,-1,2,decreasing,"[3, 2, 2, -1, -1, -2]",-1
84,343,3,-1,-1,count_controlled,"[-1, -1, -1, -1, 3, -1]",-1
85,507,3,4,4,count_controlled,"[4, 4, 4, 4, 0, 4]",4
86,879,4,5,5,count_controlled,"[5, 4, 4, 4, 5, 5]",5
87,239,1,-1,-1,count_controlled,"[-1, -1, -1, -1, 0, 0]",-1
88,423,3,1,0,count_controlled,"[1, 0, 0, 0, 1, 1]",1
89,1531,1,-2,-2,random,"[-2, -2, 5, 2, 4, -2]",-2
90,447,3,2,2,count_controlled,"[0, 0, 2, 2, 2, 2]",2
91,45,0,-2,-2,count_controlled,"[-2, -2, -2, 0, 0, 0]",-2
92,2394,5,4,1,random,"[4, 1, -2, -1, 1, 1]",4
93,776,0,2,2,count_controlled,"[2, 5, 5, 5, 2, 2]",2
94,1990,4,3,-1,random,"[4, 3, -2, 3, -1, 1]",3
95,507,1,4,4,count_controlled,"[4, 4, 4, 4, 0, 4]",4
96,460,5,2,2,count_controlled,"[2, 0, 0, 0, 0, 2]",2
97,16,4,-1,-2,count_controlled,"[-1, -1, -2, -2, -2, -1]",-1
98,2521,0,-1,0,random,"[0, -1, 5, 0, 1, 1]",-1
99,872,1,4,4,count_controlled,"[4, 4, 5, 5, 5, 5]",4
100,876,0,4,5,count_controlled,"[5, 5, 5, 5, 4, 4]",4
101,3361,1,-1,1,unique,"[-2, 1, 3, 0, 2, -1]",-1
102,2510,3,2,-2,random,"[3, 3, 2, -2, 2, 0]",2
103,123,5,2,-2,count_controlled,"[-2, -2, -2, 2, -2, -2]",2
104,385,1,-1,5,count_controlled,"[5, 5, 5, -1, -1, 5]",-1
105,503,4,4,4,count_controlled,"[0, 4, 4, 4, 4, 4]",4
106,870,3,5,5,count_controlled,"[5, 5, 5, 5, 4, 5]",5
107,13,3,-1,-1,count_controlled,"[-2, -1, -1, -1, -1, -2]",-1
108,1426,4,5,-2,random,"[4, 5, 3, 4, -2, 5]",5
109,0,5,-2,-2,constant,"[-2, -2, -2, -2, -2, -2]",-2
110,3290,0,2,5,palindrome,"[5, 4, 2, 2, 4, 5]",2
111,1735,2,0,4,random,"[3, 1, 4, -2, 0, -2]",0
112,835,0,3,5,count_controlled,"[5, 3, 3, 5, 5, 5]",3
113,2089,5,4,4,random,"[3, 4, 1, 0, 1, 4]",4
114,878,0,4,4,count_controlled,"[4, 4, 4, 5, 5, 5]",4
115,1981,3,-1,-2,random,"[0, 2, -1, -2, -2, -2]",-1
116,747,0,2,2,count_controlled,"[2, 2, 2, 2, 4, 4]",2
117,82,3,-2,-2,count_controlled,"[-2, -2, -2, -2, 1, 1]",-2
118,2509,4,4,2,random,"[4, -2, -1, 5, 2, 1]",4
119,310,4,-1,-1,count_controlled,"[-1, -1, 2, -1, -1, -1]",-1
120,15,4,-1,-1,count_controlled,"[-1, -2, -2, -2, -1, -1]",-1
121,1186,4,3,3,random,"[0, 5, 0, -1, 3, -1]",3
122,481,4,3,0,count_controlled,"[3, 3, 3, 0, 0, 3]",3
123,2009,2,2,4,random,"[1, 3, 4, 4, -1, 2]",2
124,27,3,-2,-2,count_controlled,"[-1, -2, -2, -2, -2, -2]",-2
125,2471,2,-1,-2,random,"[2, -1, -2, -1, 1, 4]",-1
126,99,1,2,2,count_controlled,"[2, 2, 2, 2, -2, 2]",2
127,28,4,-2,-2,count_controlled,"[-2, -1, -2, -2, -2, -2]",-2
128,22,4,-1,-2,count_controlled,"[-1, -1, -2, -2, -2, -2]",-1
129,2036,1,3,-2,random,"[3, -2, 4, 5, 3, 5]",3
130,19,5,-1,-2,count_controlled,"[-2, -2, -1, -1, -1, -2]",-1
131,1203,1,-2,1,random,"[-2, 1, 1, 0, -1, -2]",-2
132,90,4,-2,-2,count_controlled,"[-2, 1, -2, -2, -2, -2]",-2
133,1014,2,-1,-2,random,"[-1, 3, -2, -1, 2, 3]",-1
134,3267,5,4,4,palindrome,"[4, 1, 4, 4, 1, 4]",4
135,2274,3,1,1,random,"[-2, 1, 2, 1, 1, 0]",1
136,2483,4,1,4,random,"[1, 1, 1, -2, 4, 0]",1
137,1486,4,0,-1,random,"[4, -1, 0, -1, -1, -2]",0
138,1989,5,0,-1,random,"[-2, 0, -2, -2, -1, -1]",0
139,2066,0,-2,5,random,"[5, 2, 4, -1, -2, 2]",-2
140,2342,0,1,1,random,"[1, 5, 3, 2, 1, 4]",1
141,3307,3,2,1,decreasing,"[5, 4, 2, 1, 0, -1]",2
142,803,2,4,4,count_controlled,"[3, 3, 4, 4, 4, 4]",4
143,985,4,4,5,random,"[0, 2, 4, 2, 5, 4]",4
144,1641,2,0,-2,random,"[-2, 3, -2, 0, 2, 3]",0
145,2201,0,-2,-2,random,"[-2, -1, 0, 2, -1, 2]",-2
146,620,0,1,3,count_controlled,"[3, 3, 1, 1, 1, 1]",1
147,0,5,-2,-2,constant,"[-2, -2, -2, -2, -2, -2]",-2
148,773,0,2,5,count_controlled,"[5, 2, 2, 2, 5, 5]",2
149,790,0,3,3,constant,"[3, 3, 3, 3, 3, 3]",3
150,1862,1,1,2,random,"[4, 2, 2, 1, -2, 1]",1
151,50,4,0,0,count_controlled,"[-2, -2, 0, 0, 0, -2]",0
152,2855,1,-1,2,random,"[1, 2, 5, -2, -1, 4]",-1
153,1254,1,2,5,random,"[5, 5, 3, -1, 5, 2]",2
154,376,2,5,5,count_controlled,"[-1, 5, 5, 5, 5, 5]",5
155,142,5,3,-2,count_controlled,"[-2, 3, 3, 3, -2, -2]",3
156,2708,2,2,2,random,"[5, 5, 2, 2, -1, -1]",2
157,1044,5,5,-2,random,"[0, 3, 5, -2, -2, -2]",5
158,2089,0,0,3,random,"[3, 4, 1, 0, 1, 4]",0
159,903,0,4,5,alternating,"[5, 4, 5, 4, 5, 4]",4
160,435,4,0,0,count_controlled,"[1, 0, 0, 0, 0, 0]",0
161,1972,5,2,-2,random,"[-1, -2, -1, 2, 0, -2]",2
162,127,1,3,-2,count_controlled,"[3, -2, 3, 3, 3, 3]",3
163,335,3,-1,-1,count_controlled,"[-1, 3, 3, -1, -1, -1]",-1
164,3381,2,1,2,decreasing,"[4, 3, 2, 1, 0, -1]",1
165,1578,5,5,3,random,"[5, 0, 4, 4, 2, 3]",5
166,378,1,5,5,count_controlled,"[5, 5, -1, 5, 5, 5]",5
167,766,0,2,2,count_controlled,"[2, 2, 5, 5, 5, 5]",2
168,2546,5,0,0,random,"[0, -2, -2, 0, -2, 0]",0
169,887,0,4,4,count_controlled,"[4, 5, 5, 4, 4, 4]",4
170,2055,5,5,3,random,"[5, 2, 2, 3, -1, 3]",5
171,2383,1,-2,5,random,"[-2, 5, 5, 0, -2, 3]",-2
172,729,1,4,4,count_controlled,"[2, 4, 4, 4, 4, 4]",4
173,762,1,5,5,count_controlled,"[5, 5, 2, 5, 5, 5]",5
174,1345,0,-1,3,random,"[3, -1, 1, 4, -1, 1]",-1
175,492,2,0,0,count_controlled,"[3, 3, 0, 0, 0, 0]",0
176,407,2,-2,0,alternating,"[0, -2, 0, -2, 0, -2]",-2
177,2933,3,3,5,random,"[4, -1, 0, 5, 3, -1]",3
178,332,3,-1,-1,count_controlled,"[-1, -1, -1, -1, 3, 3]",-1
179,854,0,3,3,count_controlled,"[3, 5, 3, 3, 3, 3]",3
180,11,5,-1,-1,count_controlled,"[-1, -1, -1, -2, -2, -1]",-1
181,3165,2,2,4,decreasing,"[5, 4, 4, 2, 0, -2]",2
182,873,1,4,4,count_controlled,"[5, 4, 4, 5, 5, 5]",4
183,2027,3,3,-2,random,"[1, 3, 4, -2, 2, 4]",3
184,1648,5,5,1,random,"[3, 2, 5, 4, -2, 1]",5
185,228,5,0,0,count_controlled,"[0, -1, -1, 0, 0, 0]",0
186,2429,0,-2,1,random,"[1, 0, -2, 3, 3, 1]",-2
187,2464,5,2,2,random,"[0, -1, 1, 1, -1, 2]",2
188,896,0,5,5,constant,"[5, 5, 5, 5, 5, 5]",5
189,3143,3,-2,-2,palindrome,"[-2, 4, -2, -2, 4, -2]",-2
190,3020,5,4,-1,decreasing,"[4, 3, 0, 0, 0, -1]",4
191,2420,3,3,4,random,"[3, 3, 2, 4, -2, 2]",3
192,475,4,3,3,count_controlled,"[3, 3, 3, 0, 3, 3]",3
193,47,2,-2,-2,count_controlled,"[0, 0, -2, -2, -2, 0]",-2
194,877,2,5,5,count_controlled,"[4, 5, 5, 5, 5, 4]",5
195,123,2,-2,-2,count_controlled,"[-2, -2, -2, 2, -2, -2]",-2
196,0,5,-2,-2,constant,"[-2, -2, -2, -2, -2, -2]",-2
197,2776,4,2,-1,random,"[2, -2, 0, 2, -1, -1]",2
198,556,2,0,5,count_controlled,"[0, 0, 5, 5, 0, 0]",0
199,891,0,4,5,count_controlled,"[5, 4, 4, 4, 4, 4]",4
200,842,4,5,3,count_controlled,"[5, 5, 3, 3, 3, 5]",5
201,1544,1,-1,-1,random,"[3, -1, -1, -2, 4, -1]",-1
202,811,1,3,4,count_controlled,"[4, 4, 3, 3, 3, 4]",3
203,1105,3,2,-2,random,"[1, 4, -2, -2, 2, 3]",2
204,788,5,5,2,count_controlled,"[2, 2, 2, 5, 2, 2]",5
205,845,2,3,5,count_controlled,"[3, 3, 5, 5, 5, 3]",3
206,270,5,1,1,count_controlled,"[-1, -1, -1, -1, 1, 1]",1
207,1651,4,5,2,random,"[3, 1, 5, 3, 2, 5]",5
208,875,0,4,5,count_controlled,"[5, 5, 5, 4, 4, 5]",4
209,763,0,2,5,count_controlled,"[5, 5, 5, 2, 5, 5]",2
210,32,5,0,0,alternating,"[-2, 0, -2, 0, -2, 0]",0
211,843,0,3,5,count_controlled,"[5, 5, 5, 3, 3, 3]",3
212,535,2,5,5,count_controlled,"[5, 0, 5, 5, 5, 5]",5
213,443,5,2,2,count_controlled,"[2, 2, 0, 2, 2, 2]",2
214,30,4,-2,-2,count_controlled,"[-2, -2, -2, -1, -2, -2]",-2
215,631,2,4,4,count_controlled,"[1, 4, 4, 4, 4, 4]",4
216,3312,4,5,5,palindrome,"[3, 5, 2, 2, 5, 3]",5
217,2341,0,0,2,random,"[2, 3, 0, 5, 5, 4]",0
218,151,4,-2,-2,count_controlled,"[3, -2, -2, -2, -2, -2]",-2
219,3175,4,1,-1,decreasing,"[5, 1, 0, 0, -1, -2]",1
220,2190,2,2,1,random,"[4, 3, 1, 2, 3, 2]",2
221,383,4,5,5,count_controlled,"[5, -1, -1, 5, 5, 5]",5
222,322,3,3,-1,count_controlled,"[3, 3, -1, -1, 3, 3]",3
223,1299,3,5,5,random,"[5, 1, -1, 5, 5, 5]",5
224,817,0,3,4,count_controlled,"[4, 4, 3, 3, 3, 3]",3
225,372,3,-1,-1,count_controlled,"[-1, -1, 4, -1, -1, -1]",-1
226,2272,2,3,4,random,"[-2, 4, 4, 3, -1, 4]",3
227,1464,0,-1,0,random,"[0, 2, 4, -1, 0, 4]",-1
228,1897,1,-2,3,random,"[0, 3, -2, -2, 1, 4]",-2
229,760,1,5,5,count_controlled,"[2, 5, 5, 5, 5, 5]",5
230,2501,3,0,0,random,"[-1, 2, -2, 0, -2, 3]",0
231,761,1,5,2,count_controlled,"[5, 2, 5, 5, 5, 5]",5
232,704,0,2,2,count_controlled,"[2, 2, 3, 3, 3, 3]",2
233,2634,3,1,1,random,"[-1, 1, 0, 1, 4, 3]",1
234,2871,2,0,2,random,"[-1, -2, 2, 3, 2, 0]",0
235,2552,2,-1,-1,random,"[4, -1, -1, 0, -1, 0]",-1
236,796,1,3,4,alternating,"[3, 4, 3, 4, 3, 4]",3
237,2135,3,3,-1,random,"[4, 5, 2, -1, 2, 3]",3
238,18,5,-1,-2,count_controlled,"[-2, -1, -1, -1, -2, -2]",-1
239,365,1,-1,4,count_controlled,"[4, 4, -1, -1, -1, -1]",-1
240,820,0,3,3,count_controlled,"[3, 3, 3, 4, 4, 3]",3
241,1312,5,2,-1,random,"[0, -1, 1, 2, 1, -1]",2
242,436,4,0,0,count_controlled,"[0, 1, 0, 0, 0, 0]",0
243,170,3,4,-2,count_controlled,"[4, -2, -2, -2, 4, 4]",4
244,0,5,-2,-2,constant,"[-2, -2, -2, -2, -2, -2]",-2
245,852,1,3,3,count_controlled,"[3, 3, 3, 3, 3, 5]",3
246,244,5,0,-1,count_controlled,"[-1, -1, -1, 0, 0, -1]",0
247,851,1,3,3,count_controlled,"[3, 3, 3, 5, 5, 3]",3
248,97,4,2,2,count_controlled,"[2, 2, -2, 2, 2, 2]",2
249,920,3,3,-1,random,"[-1, 3, 3, -1, 4, -1]",3
250,345,1,4,4,count_controlled,"[-1, 4, 4, 4, 4, 4]",4
251,0,5,-2,-2,constant,"[-2, -2, -2, -2, -2, -2]",-2
252,2640,3,1,-2,random,"[-2, 1, 3, -2, 1, 0]",1
253,2146,4,1,1,random,"[-1, -1, -1, 5, 1, 0]",1
254,925,1,2,4,random,"[-2, 4, 2, 3, 2, 2]",2
255,2340,3,-1,2,random,"[-2, -2, 3, 2, -2, -1]",-1
256,183,4,-2,-2,count_controlled,"[-2, 4, -2, -2, -2, -2]",-2
257,2691,4,3,1,random,"[3, -1, -2, 2, 1, 3]",3
258,832,0,3,5,count_controlled,"[5, 5, 5, 5, 3, 5]",3
259,2972,4,1,-2,decreasing,"[2, 1, 1, 0, -2, -2]",1
260,133,3,3,3,count_controlled,"[3, -2, -2, 3, 3, 3]",3
261,2880,4,5,3,random,"[1, 5, -1, 5, 3, -1]",5
262,25,5,-1,-2,count_controlled,"[-2, -2, -2, -1, -1, -2]",-1
263,114,2,-2,-2,count_controlled,"[2, -2, -2, -2, -2, 2]",-2
264,406,3,0,0,constant,"[0, 0, 0, 0, 0, 0]",0
265,2255,2,-1,-2,random,"[0, 2, -2, 2, -1, -2]",-1
266,649,1,1,1,count_controlled,"[1, 1, 1, 1, 4, 4]",1
267,1424,3,4,4,random,"[4, 2, 3, 4, 5, -2]",4
268,1100,5,3,2,random,"[3, 1, 1, 0, -1, 2]",3
269,716,0,2,2,count_controlled,"[2, 2, 2, 2, 3, 3]",2
270,423,5,1,1,count_controlled,"[1, 0, 0, 0, 1, 1]",1
271,341,5,3,-1,count_controlled,"[-1, -1, 3, -1, -1, -1]",3
272,3281,2,1,3,unique,"[0, 1, 3, -1, 2, 5]",1
273,1,5,-1,-1,alternating,"[-2, -1, -2, -1, -2, -1]",-1
274,16,5,-1,-1,count_controlled,"[-1, -1, -2, -2, -2, -1]",-1
275,1535,0,-1,2,random,"[2, -1, 2, 5, 0, 2]",-1
276,0,5,-2,-2,constant,"[-2, -2, -2, -2, -2, -2]",-2
277,2132,0,1,1,random,"[1, 4, 4, 5, 2, 1]",1
278,975,2,3,-2,random,"[4, 4, -2, 3, -2, 3]",3
279,3124,1,0,4,unique,"[1, 4, 0, 5, -1, 3]",0
280,2049,3,1,2,random,"[-2, 4, -2, 2, 1, 0]",1
281,157,2,4,4,count_controlled,"[-2, 4, 4, 4, 4, 4]",4
282,896,1,5,5,constant,"[5, 5, 5, 5, 5, 5]",5
283,844,1,3,5,count_controlled,"[3, 5, 5, 5, 3, 3]",3
284,2365,0,-2,5,random,"[5, 2, 5, -2, 0, -2]",-2
285,621,0,1,1,count_controlled,"[1, 3, 3, 1, 1, 1]",1
286,1214,4,4,-2,random,"[-2, 4, -2, 4, -2, -1]",4
287,1156,5,4,-1,random,"[1, 1, 4, 3, -1, -1]",4
288,1580,2,1,5,random,"[0, 1, 5, 2, 2, -1]",1
289,393,2,-1,5,count_controlled,"[-1, -1, 5, 5, 5, -1]",-1
290,932,2,-2,-2,random,"[0, -2, -2, -2, 4, 3]",-2
291,411,3,1,1,count_controlled,"[1, 0, 1, 1, 1, 1]",1
292,2202,2,-1,-2,random,"[3, 4, -2, -1, -2, 5]",-1
293,1119,1,0,3,random,"[0, 3, 2, -2, 4, 1]",0
294,1398,1,0,5,random,"[1, 5, 0, 1, 3, -2]",0
295,2125,5,2,-2,random,"[0, 0, 2, -2, 1, -2]",2
296,152,4,-2,-2,count_controlled,"[-2, 3, -2, -2, -2, -2]",-2
297,13,4,-1,-1,count_controlled,"[-2, -1, -1, -1, -1, -2]",-1
298,596,4,1,1,count_controlled,"[1, 1, 2, 1, 1, 1]",1
299,2609,4,2,-2,random,"[2, 2, 0, 1, -2, 0]",2
300,1060,5,3,1,random,"[-1, -1, 1, 2, 3, 1]",3
301,534,2,5,5,count_controlled,"[0, 5, 5, 5, 5, 5]",5
302,864,1,3,3,alternating,"[4, 3, 4, 3, 4, 3]",3
303,2853,1,0,2,random,"[0, 2, 2, 4, 2, -2]",0
304,1956,4,4,5,random,"[4, -1, -2, -2, 5, -2]",4
305,1110,0,1,5,random,"[5, 1, 5, 5, 4, 1]",1
306,0,5,-2,-2,constant,"[-2, -2, -2, -2, -2, -2]",-2
307,1087,1,-1,-1,random,"[0, -1, -1, 5, 5, -2]",-1
308,887,2,4,5,count_controlled,"[4, 5, 5, 4, 4, 4]",4
309,2594,3,4,5,random,"[4, 4, 0, 5, -2, -2]",4
310,2277,1,1,1,random,"[0, 1, 1, 1, 3, 2]",1
311,989,1,3,3,random,"[5, 3, 4, 4, 5, -2]",3
312,430,5,1,0,count_controlled,"[1, 1, 0, 0, 0, 0]",1
313,562,4,0,0,count_controlled,"[0, 0, 0, 5, 0, 0]",0
314,966,2,1,5,random,"[1, 0, 5, -2, 3, 3]",1
315,226,5,0,-1,count_controlled,"[0, 0, 0, 0, 0, -1]",0
316,664,3,5,5,count_controlled,"[5, 5, 1, 5, 5, 5]",5
317,525,2,0,4,count_controlled,"[0, 0, 4, 4, 0, 0]",0
318,2305,2,1,4,random,"[1, 1, 4, 4, 1, 2]",1
319,2110,2,0,5,random,"[5, -1, 5, 0, 2, -1]",0
320,2899,5,1,-2,random,"[1, 0, -2, 1, 0, -2]",1
321,209,4,5,-2,count_controlled,"[-2, 5, 5, -2, -2, -2]",5
322,5,4,-1,-1,count_controlled,"[-1, -1, -1, -2, -1, -1]",-1
323,3237,4,2,-1,palindrome,"[2, -1, 2, 2, -1, 2]",2
324,638,2,4,1,count_controlled,"[4, 1, 1, 4, 4, 4]",4
325,1152,2,1,2,random,"[1, 1, 2, 4, 1, 4]",1
326,17,4,-1,-2,count_controlled,"[-1, -1, -1, -2, -2, -2]",-1
327,2797,0,3,5,random,"[5, 4, 4, 5, 4, 3]",3
328,2318,5,5,4,random,"[5, -2, 2, 1, 5, 4]",5
329,632,1,4,1,count_controlled,"[4, 1, 4, 4, 4, 4]",4
330,211,3,-2,5,count_controlled,"[-2, -2, -2, 5, 5, -2]",-2
331,934,2,1,1,random,"[5, -1, 1, 3, 1, 1]",1
332,1542,0,-1,3,random,"[3, 4, 2, 4, -1, 3]",-1
333,121,4,-2,-2,count_controlled,"[-2, 2, -2, -2, -2, -2]",-2
334,1834,3,1,3,random,"[-1, 4, -1, 3, 1, -2]",1
335,1873,0,-1,2,random,"[2, -1, 5, 2, 3, 5]",-1
336,2158,1,1,3,random,"[-2, 3, 2, 3, 1, 4]",1
337,566,5,1,-1,alternating,"[1, -1, 1, -1, 1, -1]",1
338,889,0,4,4,count_controlled,"[4, 4, 4, 5, 5, 4]",4
339,2978,1,2,2,increasing,"[0, 2, 3, 5, 5, 5]",2
340,1404,0,-1,2,random,"[2, 3, 0, -1, 1, -1]",-1
341,0,5,-2,-2,constant,"[-2, -2, -2, -2, -2, -2]",-2
342,583,1,1,2,count_controlled,"[2, 2, 1, 1, 1, 2]",1
343,2373,4,1,-1,random,"[1, -2, 0, 0, -1, 5]",1
344,2290,0,1,1,random,"[1, 3, 5, 2, 2, 4]",1
345,464,3,0,2,count_controlled,"[0, 0, 0, 2, 2, 0]",0
346,1433,3,5,5,random,"[5, 0, 5, 5, 4, -1]",5
347,3309,1,2,2,increasing,"[1, 2, 2, 2, 5, 5]",2
348,1555,3,3,3,random,"[5, 5, -1, 3, -2, 0]",3
349,1455,1,0,-2,random,"[2, -2, 4, 4, 2, 0]",0
350,2780,1,2,2,random,"[3, 2, -1, 2, 2, 5]",2
351,1967,5,4,0,random,"[0, 0, 2, -2, 4, 0]",4
352,152,2,-2,-2,count_controlled,"[-2, 3, -2, -2, -2, -2]",-2
353,1774,5,5,3,random,"[2, 1, 4, 5, 2, 3]",5
354,2143,5,4,1,random,"[4, -2, 3, 2, 4, 1]",4
355,2179,3,1,-2,random,"[3, 3, 1, -2, -2, 1]",1
356,1386,1,0,4,random,"[3, 4, 2, 5, -1, 0]",0
357,2531,1,0,1,random,"[5, 1, 3, -1, 3, 0]",0
358,234,5,0,0,count_controlled,"[0, -1, -1, -1, 0, 0]",0
359,3283,5,3,3,increasing,"[-2, -1, 0, 1, 2, 3]",3
360,121,5,2,-2,count_controlled,"[-2, 2, -2, -2, -2, -2]",2
361,1553,1,-1,-2,random,"[3, -2, 3, 3, -1, 4]",-1
362,2988,3,2,5,unique,"[4, 0, -1, 5, 2, -2]",2
363,538,1,5,5,count_controlled,"[5, 5, 5, 5, 0, 5]",5
364,2077,3,0,2,random,"[0, 0, -1, 2, 0, 0]",0
365,896,0,5,5,constant,"[5, 5, 5, 5, 5, 5]",5
366,2402,2,3,4,random,"[5, 3, 4, -1, 5, 2]",3
367,160,1,4,4,count_controlled,"[4, 4, 4, -2, 4, 4]",4
368,1208,2,0,2,random,"[0, 5, 2, -2, 1, -1]",0
369,1036,2,1,1,random,"[3, 4, 1, 0, 5, 1]",1
370,2322,3,5,5,random,"[5, -1, 2, 5, 5, 2]",5
371,241,5,0,-1,count_controlled,"[0, 0, -1, -1, -1, -1]",0
372,2913,3,-1,-1,random,"[1, -2, -2, -1, -2, 4]",-1
373,2451,2,3,5,random,"[3, 5, 5, -2, 0, 4]",3
374,201,3,5,-2,count_controlled,"[5, -2, -2, -2, 5, 5]",5
375,1656,4,2,-2,random,"[2, 4, -2, -2, -2, 2]",2
376,2749,0,0,1,random,"[1, 3, 2, 1, 2, 0]",0
377,0,5,-2,-2,constant,"[-2, -2, -2, -2, -2, -2]",-2
378,230,5,0,0,count_controlled,"[0, 0, 0, -1, -1, 0]",0
379,901,1,2,2,alternating,"[5, 2, 5, 2, 5, 2]",2
380,736,0,2,4,count_controlled,"[4, 2, 2, 4, 4, 4]",2
381,99,4,2,-2,count_controlled,"[2, 2, 2, 2, -2, 2]",2
382,769,3,5,2,count_controlled,"[5, 5, 5, 2, 2, 5]",5
383,2309,1,0,-1,random,"[5, -1, 2, 4, 0, 0]",0
384,737,2,4,2,count_controlled,"[4, 4, 2, 2, 4, 4]",4
385,1151,5,2,0,random,"[-2, 2, 0, 1, -2, 0]",2
386,875,1,4,5,count_controlled,"[5, 5, 5, 4, 4, 5]",4
387,1907,2,-1,-1,random,"[1, -1, -1, 5, -1, 3]",-1
388,0,5,-2,-2,constant,"[-2, -2, -2, -2, -2, -2]",-2
389,768,2,5,2,count_controlled,"[5, 5, 2, 2, 5, 5]",5
390,49,2,-2,0,count_controlled,"[-2, 0, 0, 0, -2, -2]",-2
391,10,5,-1,-1,count_controlled,"[-1, -1, -2, -2, -1, -1]",-1
392,143,2,-2,3,count_controlled,"[-2, -2, 3, 3, 3, -2]",-2
393,2298,3,-1,3,random,"[-2, -1, -2, 3, 0, -2]",-1
394,189,1,5,-2,count_controlled,"[5, -2, 5, 5, 5, 5]",5
395,2435,4,0,-1,random,"[-1, 0, 0, 0, -1, 1]",0
396,1368,4,4,4,random,"[4, 2, 3, 1, 4, 1]",4
397,1226,3,0,0,random,"[5, -1, -1, 0, 4, -2]",0
398,2465,2,2,5,random,"[3, 0, 5, 2, 4, -2]",2
399,955,3,2,-2,random,"[0, 2, 0, -2, 3, 3]",2
400,896,0,5,5,constant,"[5, 5, 5, 5, 5, 5]",5
401,2684,2,0,5,random,"[5, 4, 5, -1, 0, -1]",0
402,894,0,4,4,count_controlled,"[4, 4, 4, 5, 4, 4]",4
403,2791,2,4,1,random,"[4, 5, 1, 4, 4, -2]",4
404,1490,0,0,1,random,"[1, 5, 0, 3, 1, 2]",0
405,445,4,2,0,count_controlled,"[2, 2, 2, 2, 0, 2]",2
406,1746,3,2,1,random,"[-1, 2, 5, 1, -2, 5]",2
407,840,4,5,5,count_controlled,"[3, 3, 3, 5, 5, 5]",5
408,119,3,-2,-2,count_controlled,"[-2, -2, -2, -2, -2, 2]",-2
409,1120,2,2,2,random,"[3, 5, 2, 3, 0, -1]",2
410,154,3,-2,3,count_controlled,"[-2, -2, -2, 3, -2, -2]",-2
411,481,2,3,3,count_controlled,"[3, 3, 3, 0, 0, 3]",3
412,1388,5,5,4,random,"[2, 5, 4, 1, 0, 4]",5
413,2554,4,1,0,random,"[0, -2, 1, -2, 0, 4]",1
414,2655,2,2,0,random,"[5, 2, 0, 5, 3, -1]",2
415,2671,5,4,-2,random,"[3, 2, 4, 0, 1, -2]",4
416,671,0,1,5,count_controlled,"[5, 5, 5, 1, 1, 5]",1
417,1489,3,3,4,random,"[3, 2, -2, 4, -2, 3]",3
418,763,1,5,5,count_controlled,"[5, 5, 5, 2, 5, 5]",5
419,122,4,-2,-2,count_controlled,"[-2, -2, 2, -2, -2, -2]",-2
420,2287,0,0,5,random,"[5, 3, 0, 1, 1, 5]",0
421,2274,4,1,1,random,"[-2, 1, 2, 1, 1, 0]",1
422,833,2,5,5,count_controlled,"[5, 5, 5, 5, 5, 3]",5
423,1825,0,-1,0,random,"[0, -1, 4, 3, -1, 3]",-1
424,2564,0,0,5,random,"[5, 1, 2, 5, 0, 4]",0
425,1461,2,2,3,random,"[0, 2, 3, 2, 2, 2]",2
426,2395,3,4,-1,random,"[4, 1, 4, -1, 1, 4]",4
427,665,2,5,5,count_controlled,"[5, 5, 5, 1, 5, 5]",5
428,614,4,3,1,count_controlled,"[3, 3, 1, 1, 1, 3]",3
429,895,0,4,4,count_controlled,"[4, 4, 4, 4, 5, 4]",4
430,730,0,2,4,count_controlled,"[4, 2, 4, 4, 4, 4]",2
431,1342,5,1,-2,random,"[-1, 1, -1, 1, 1, -2]",1
432,1777,1,3,3,random,"[3, 3, 4, 4, 5, 2]",3
433,224,5,0,0,count_controlled,"[0, 0, 0, -1, 0, 0]",0
434,2930,4,0,-1,random,"[-1, 0, 5, -2, -1, 0]",0
435,0,5,-2,-2,constant,"[-2, -2, -2, -2, -2, -2]",-2
436,297,3,2,-1,count_controlled,"[2, 2, -1, -1, -1, 2]",2
437,1447,3,0,1,random,"[-1, -1, 1, 1, -1, 0]",0
438,26,5,-1,-1,count_controlled,"[-2, -2, -2, -2, -2, -1]",-1
439,833,0,3,5,count_controlled,"[5, 5, 5, 5, 5, 3]",3
440,2244,3,3,4,random,"[1, 1, 3, 4, 0, 4]",3
441,3278,2,4,4,palindrome,"[5, 2, 4, 4, 2, 5]",4
442,513,0,0,4,count_controlled,"[4, 4, 4, 4, 0, 0]",0
443,330,2,-1,3,count_controlled,"[-1, 3, 3, 3, -1, -1]",-1
444,411,1,1,0,count_controlled,"[1, 0, 1, 1, 1, 1]",1
445,21,5,-1,-1,count_controlled,"[-1, -2, -2, -2, -2, -1]",-1
446,896,0,5,5,constant,"[5, 5, 5, 5, 5, 5]",5
447,2772,5,5,1,random,"[0, -1, 5, 5, -1, 1]",5
448,74,5,1,-2,count_controlled,"[1, 1, 1, 1, -2, -2]",1
449,1650,5,5,-2,random,"[-2, 5, 5, 4, 0, -2]",5
450,212,4,-2,-2,count_controlled,"[-2, -2, -2, -2, -2, 5]",-2
451,1851,1,1,-2,random,"[4, -2, 4, 1, 3, 2]",1
452,3031,5,5,5,increasing,"[-2, -1, 1, 2, 2, 5]",5
453,185,3,-2,4,count_controlled,"[-2, -2, -2, 4, -2, -2]",-2
454,952,2,1,4,random,"[2, 1, 4, 0, 5, 0]",1
455,2656,1,0,0,random,"[0, 0, 4, -2, 3, 2]",0
456,1102,1,2,3,random,"[2, 3, 3, 5, 4, 2]",2
457,695,5,2,0,alternating,"[2, 0, 2, 0, 2, 0]",2
458,788,0,2,2,count_controlled,"[2, 2, 2, 5, 2, 2]",2
459,170,1,-2,-2,count_controlled,"[4, -2, -2, -2, 4, 4]",-2
460,2917,0,-2,5,random,"[5, -2, 3, 4, 2, 1]",-2
461,3123,2,0,0,decreasing,"[5, 2, 0, 0, -1, -2]",0
462,3055,3,5,3,decreasing,"[5, 5, 5, 3, 0, -2]",5
463,2945,2,3,3,decreasing,"[5, 4, 3, 3, 2, 0]",3
464,900,0,1,5,alternating,"[5, 1, 5, 1, 5, 1]",1
465,1832,5,3,3,random,"[0, -1, 3, 0, 2, 3]",3
466,217,4,-2,5,count_controlled,"[-2, -2, -2, -2, 5, -2]",-2
467,873,2,5,4,count_controlled,"[5, 4, 4, 5, 5, 5]",5
468,606,1,1,1,count_controlled,"[1, 1, 3, 3, 3, 3]",1
469,1462,2,4,4,random,"[4, 1, 4, 4, 5, 5]",4
470,1493,3,1,-1,random,"[4, 0, 1, -1, 4, -1]",1
471,2514,4,3,2,random,"[5, 3, 0, 1, 2, -1]",3
472,2045,1,-2,-2,random,"[-2, -2, -1, 5, 3, 4]",-2
473,906,4,4,2,random,"[3, 4, 3, 4, 2, -1]",4
474,635,0,1,4,count_controlled,"[4, 4, 4, 4, 1, 4]",1
475,848,1,3,5,count_controlled,"[5, 5, 3, 3, 3, 3]",3
476,923,1,-2,2,random,"[2, 2, -2, -1, -1, -2]",-2
477,2932,1,-2,-2,random,"[-2, -2, -2, 0, 0, 3]",-2
478,837,2,5,5,count_controlled,"[5, 5, 5, 3, 3, 5]",5
479,145,3,-2,-2,count_controlled,"[3, -2, -2, -2, -2, 3]",-2
480,896,0,5,5,constant,"[5, 5, 5, 5, 5, 5]",5
481,607,3,3,3,count_controlled,"[3, 1, 1, 3, 3, 3]",3
482,87,5,1,-2,count_controlled,"[-2, -2, -2, 1, 1, -2]",1
483,508,2,4,4,count_controlled,"[4, 4, 4, 4, 4, 0]",4
484,2697,3,4,4,random,"[5, 1, 4, 4, -2, -2]",4
485,2008,5,3,2,random,"[0, -1, -1, -2, 3, 2]",3
486,23,2,-2,-1,count_controlled,"[-2, -1, -1, -2, -2, -2]",-2
487,348,1,4,4,count_controlled,"[4, 4, 4, -1, 4, 4]",4
488,2063,1,1,4,random,"[1, 4, 2, 3, 1, 0]",1
489,3246,3,-1,-2,palindrome,"[-1, 1, -2, -2, 1, -1]",-1
490,2728,2,1,1,random,"[1, -1, 1, -1, 2, 2]",1
491,461,5,2,0,count_controlled,"[2, 2, 0, 0, 0, 0]",2
492,3179,5,4,-2,decreasing,"[4, 2, 2, 0, -1, -2]",4
493,52,4,0,-2,count_controlled,"[0, -2, -2, -2, -2, 0]",0
494,580,0,1,1,count_controlled,"[1, 2, 2, 2, 2, 1]",1
495,896,0,5,5,constant,"[5, 5, 5, 5, 5, 5]",5
496,1786,4,2,1,random,"[2, -2, 3, 2, 1, 1]",2
497,2729,1,-1,1,random,"[3, 1, 0, -1, -1, 1]",-1
498,30,5,-1,-2,count_controlled,"[-2, -2, -2, -1, -2, -2]",-1
499,896,0,5,5,constant,"[5, 5, 5, 5, 5, 5]",5
500,1501,4,2,-2,random,"[2, -2, 4, 1, -2, 1]",2
501,1272,2,1,-2,random,"[5, -1, -2, 1, 1, 2]",1
502,209,3,-2,-2,count_controlled,"[-2, 5, 5, -2, -2, -2]",-2
503,162,4,4,4,count_controlled,"[4, 4, 4, 4, 4, -2]",4
504,1841,4,3,1,random,"[0, 3, 5, 3, 1, 0]",3
505,2214,3,0,0,random,"[5, 0, 5, 0, 0, -2]",0
506,112,4,2,2,count_controlled,"[-2, -2, 2, 2, 2, -2]",2
507,51,5,0,0,count_controlled,"[-2, -2, -2, -2, 0, 0]",0
508,2936,2,2,2,increasing,"[0, 1, 2, 3, 3, 4]",2
509,2055,4,3,-1,random,"[5, 2, 2, 3, -1, 3]",3
510,233,4,0,0,count_controlled,"[-1, -1, -1, 0, 0, 0]",0
511,896,0,5,5,constant,"[5, 5, 5, 5, 5, 5]",5
