program,output_class,observations,unique_sequences,unique_targets
P01_absolute,0,64,64,64
P01_absolute,1,64,64,64
P01_absolute,2,64,62,64
P01_absolute,3,64,63,64
P01_absolute,4,64,62,64
P01_absolute,5,64,64,64
P02_index_parity,0,64,63,64
P02_index_parity,1,64,64,64
P03_increment_by_index,-2,64,64,64
P03_increment_by_index,-1,64,64,64
P03_increment_by_index,0,64,64,64
P03_increment_by_index,1,64,62,64
P03_increment_by_index,2,64,63,64
P03_increment_by_index,3,64,64,64
P03_increment_by_index,4,64,63,64
P03_increment_by_index,5,64,64,64
P03_increment_by_index,6,64,64,64
P03_increment_by_index,7,64,61,64
P03_increment_by_index,8,64,64,64
P03_increment_by_index,9,64,64,64
P03_increment_by_index,10,64,64,64
P04_first_element,-2,64,57,64
P04_first_element,-1,64,58,64
P04_first_element,0,64,60,64
P04_first_element,1,64,60,64
P04_first_element,2,64,62,64
P04_first_element,3,64,63,64
P04_first_element,4,64,59,64
P04_first_element,5,64,62,64
P05_histogram,1,64,64,64
P05_histogram,2,64,64,64
P05_histogram,3,64,61,64
P05_histogram,4,64,60,64
P05_histogram,5,64,57,64
P05_histogram,6,64,8,35
P06_count_greater_than,0,64,63,64
P06_count_greater_than,1,64,62,64
P06_count_greater_than,2,64,64,64
P06_count_greater_than,3,64,63,64
P06_count_greater_than,4,64,63,64
P06_count_greater_than,5,64,64,64
P07_sum_with_next,-4,64,62,64
P07_sum_with_next,-3,64,61,64
P07_sum_with_next,-2,64,61,64
P07_sum_with_next,-1,64,64,64
P07_sum_with_next,0,64,63,64
P07_sum_with_next,1,64,62,64
P07_sum_with_next,2,64,64,64
P07_sum_with_next,3,64,64,64
P07_sum_with_next,4,64,63,64
P07_sum_with_next,5,64,63,64
P07_sum_with_next,6,64,64,64
P07_sum_with_next,7,64,63,64
P07_sum_with_next,8,64,62,64
P07_sum_with_next,9,64,62,64
P07_sum_with_next,10,64,62,64
P08_pairwise_sum,-4,64,62,64
P08_pairwise_sum,-3,64,64,64
P08_pairwise_sum,-2,64,64,64
P08_pairwise_sum,-1,64,64,64
P08_pairwise_sum,0,64,64,64
P08_pairwise_sum,1,64,64,64
P08_pairwise_sum,2,64,64,64
P08_pairwise_sum,3,64,63,64
P08_pairwise_sum,4,64,62,64
P08_pairwise_sum,5,64,63,64
P08_pairwise_sum,6,64,63,64
P08_pairwise_sum,7,64,64,64
P08_pairwise_sum,8,64,61,64
P08_pairwise_sum,9,64,62,64
P08_pairwise_sum,10,64,58,64
P09_check_increasing,0,64,64,64
P09_check_increasing,1,64,57,64
P10_rotate_left,-2,64,64,64
P10_rotate_left,-1,64,64,64
P10_rotate_left,0,64,63,64
P10_rotate_left,1,64,62,64
P10_rotate_left,2,64,64,64
P10_rotate_left,3,64,64,64
P10_rotate_left,4,64,63,64
P10_rotate_left,5,64,63,64
P11_check_palindrome,0,64,64,64
P11_check_palindrome,1,64,54,64
P12_sorting,-2,64,53,54
P12_sorting,-1,64,60,64
P12_sorting,0,64,63,64
P12_sorting,1,64,61,64
P12_sorting,2,64,63,64
P12_sorting,3,64,63,64
P12_sorting,4,64,60,64
P12_sorting,5,64,51,54
A_prev_token_class,-2,64,63,64
A_prev_token_class,-1,64,62,64
A_prev_token_class,0,64,63,64
A_prev_token_class,1,64,64,64
A_prev_token_class,2,64,63,64
A_prev_token_class,3,64,64,64
A_prev_token_class,4,64,63,64
A_prev_token_class,5,64,63,64
B_histogram_then_repeated_class,0,64,62,64
B_histogram_then_repeated_class,1,64,64,64
